<?xml version="1.0" encoding="UTF-8"?>
<project-private xmlns="http://www.netbeans.org/ns/project-private/1">
    <editor-bookmarks xmlns="http://www.netbeans.org/ns/editor-bookmarks/1"/>
    <open-files xmlns="http://www.netbeans.org/ns/projectui-open-files/1">
        <file>file:/C:/Users/Dave/Documents/NetBeansProjects/Project3/web/index.jsp</file>
        <file>file:/C:/Users/Dave/Documents/NetBeansProjects/Project3/build/web/TotalSalesReport.jsp</file>
        <file>file:/C:/Users/Dave/Documents/NetBeansProjects/Project3/build/web/index.jsp</file>
    </open-files>
</project-private>
